{
  "72": [
    {
      "userId": "so",
      "content": "dfdf",
      "timestamp": "2024-06-03 12:16:38"
    },
    {
      "userId": "so",
      "content": "sdf",
      "timestamp": "2024-06-03 12:16:39"
    },
    {
      "userId": "test",
      "content": "dfsdf",
      "timestamp": "2024-06-03 13:19:15"
    },
    {
      "userId": "test",
      "content": "ㅁ\nㅁ\nㅁ",
      "timestamp": "2024-06-03 13:37:29"
    },
    {
      "userId": "test",
      "content": "asd",
      "timestamp": "2024-06-03 13:37:36"
    },
    {
      "userId": "test",
      "content": "asd",
      "timestamp": "2024-06-03 13:37:39"
    },
    {
      "userId": "test",
      "content": "df",
      "timestamp": "2024-06-03 13:38:31"
    },
    {
      "userId": "test",
      "content": "sdf",
      "timestamp": "2024-06-03 13:38:32"
    },
    {
      "userId": "test",
      "content": "sdf",
      "timestamp": "2024-06-03 13:38:33"
    },
    {
      "userId": "test",
      "content": "sdf",
      "timestamp": "2024-06-03 13:38:34"
    },
    {
      "userId": "test",
      "content": "sdf",
      "timestamp": "2024-06-03 13:38:35"
    },
    {
      "userId": "test",
      "content": "sdf",
      "timestamp": "2024-06-03 13:38:36"
    }
  ],
  "79": [
    {
      "userId": "test",
      "content": "ㄴ마어롬ㄴㅇ",
      "timestamp": "2024-06-03 14:05:42"
    },
    {
      "userId": "test",
      "content": "ㅁㄴㅇㄻㄴㅇㄹ",
      "timestamp": "2024-06-03 14:05:44"
    },
    {
      "userId": "test",
      "content": "ㅁㄴㅇㄻㄴㅇㄹ",
      "timestamp": "2024-06-03 14:05:46"
    },
    {
      "userId": "test",
      "content": "ㅁㄴㅇㄻㄴㅇㄹ",
      "timestamp": "2024-06-03 14:05:47"
    },
    {
      "userId": "test",
      "content": "ㅁㄴㅇㄻㄴㅇㄹ",
      "timestamp": "2024-06-03 14:05:49"
    },
    {
      "userId": "test",
      "content": "ㅁㄴㅇㄻㄴㅇㄹ",
      "timestamp": "2024-06-03 14:05:51"
    }
  ]
}